{
  "version": 1,
  "author": "Anonymous maker",
  "editor": "wokwi",
  "parts": [
    { "type": "wokwi-breadboard-half", "id": "bb1", "top": 54.6, "left": 118, "attrs": {} },
    {
      "type": "wokwi-arduino-uno",
      "id": "uno",
      "top": -223.8,
      "left": 155,
      "rotate": 90,
      "attrs": {}
    },
    { "type": "wokwi-led", "id": "led1", "top": 82.8, "left": 243.8, "attrs": { "color": "red" } },
    {
      "type": "wokwi-led",
      "id": "led2",
      "top": 82.8,
      "left": 301.4,
      "attrs": { "color": "limegreen" }
    },
    { "type": "wokwi-servo", "id": "servo1", "top": 74.8, "left": 460.8, "attrs": {} },
    { "type": "wokwi-relay-module", "id": "relay1", "top": 163.4, "left": 460.8, "attrs": {} },
    {
      "type": "wokwi-buzzer",
      "id": "bz1",
      "top": 21.6,
      "left": 261,
      "attrs": { "volume": "0.1" }
    },
    {
      "type": "wokwi-photoresistor-sensor",
      "id": "ldr1",
      "top": -6.6,
      "left": 468.4,
      "rotate": 180,
      "attrs": {}
    },
    {
      "type": "wokwi-lcd1602",
      "id": "lcd1",
      "top": 275.2,
      "left": 140,
      "attrs": { "pins": "i2c" }
    }
  ],
  "connections": [
    [ "uno:5V", "bb1:tn.1", "red", [ "h-76.7", "v147.8" ] ],
    [ "uno:GND.2", "bb1:tp.1", "black", [ "h-67.1", "v23.1" ] ],
    [ "bb1:29t.a", "bb1:tp.24", "black", [ "v0" ] ],
    [ "relay1:VCC", "bb1:28b.g", "red", [ "h0" ] ],
    [ "relay1:GND", "bb1:29b.h", "black", [ "h0" ] ],
    [ "bb1:28t.a", "bb1:tn.23", "red", [ "v0" ] ],
    [ "bb1:28b.j", "bb1:bp.23", "red", [ "v0" ] ],
    [ "bb1:29b.j", "bb1:bn.24", "black", [ "v0" ] ],
    [ "servo1:V+", "bb1:28t.d", "red", [ "h0" ] ],
    [ "servo1:GND", "bb1:29t.c", "black", [ "h0" ] ],
    [ "relay1:IN", "uno:10", "green", [ "h-9.6", "v-134.6" ] ],
    [ "servo1:PWM", "uno:9", "green", [ "h0", "v-95.8" ] ],
    [ "uno:3", "bb1:17t.b", "green", [ "h9.6", "v52", "h-19.2", "v76.8" ] ],
    [ "uno:5", "bb1:14t.e", "green", [ "h28.8", "v90.2", "h-19.2", "v86.4" ] ],
    [ "uno:4", "bb1:20t.d", "green", [ "h19.2", "v71.1", "h-19.2", "v86.4" ] ],
    [ "bb1:19t.d", "bb1:13t.d", "black", [ "v0" ] ],
    [ "bb1:tp.9", "bb1:13t.d", "black", [ "v0" ] ],
    [ "lcd1:GND", "bb1:bn.1", "black", [ "h-19.2", "v-67.2" ] ],
    [ "lcd1:VCC", "bb1:bp.1", "red", [ "h-28.8", "v-28.7" ] ],
    [ "lcd1:SDA", "uno:A4", "green", [ "h-48", "v-307" ] ],
    [ "lcd1:SCL", "uno:A5", "green", [ "h-57.6", "v-182.1" ] ],
    [ "ldr1:VCC", "bb1:tn.25", "red", [ "h-28.8", "v38.4" ] ],
    [ "ldr1:GND", "bb1:tp.25", "black", [ "h-38.4", "v29.2" ] ],
    [ "ldr1:AO", "uno:A0", "green", [ "h-105.6", "v10.3", "h-182.4", "v-67.2" ] ],
    [ "led1:A", "bb1:14t.c", "", [ "$bb" ] ],
    [ "led1:C", "bb1:13t.c", "", [ "$bb" ] ],
    [ "led2:A", "bb1:20t.c", "", [ "$bb" ] ],
    [ "led2:C", "bb1:19t.c", "", [ "$bb" ] ],
    [ "bz1:1", "bb1:16t.a", "", [ "$bb" ] ],
    [ "bz1:2", "bb1:17t.a", "", [ "$bb" ] ]
  ],
  "dependencies": {}
}